{
  "placebo": {
    "n_trials_A": 100,
    "n_trials_B": 100,
    "chi2_A_dr": 8.047009895592542,
    "chi2_B_dr": 50.356029748672356,
    "median_placebo_A": 8.565396801458947,
    "median_placebo_B": 22.96118469342845,
    "max_placebo_A": 42.09696934390046,
    "max_placebo_B": 149.55420987449943,
    "percentile_dr_A": 53.0,
    "percentile_dr_B": 12.0
  },
  "antipode": {
    "position": {
      "l": 125.0,
      "b": -5.0
    },
    "n_galaxies": 812,
    "chi2_A": 7.957340597059165,
    "chi2_B": 11.826905205041234,
    "pvalue_A": 0.09315342150528372,
    "pvalue_B": 0.018685948840182154,
    "delta_M_per_bin": [
      0.2986335355317564,
      0.04194301676756851,
      0.01921038800681174,
      -0.026938459577571905
    ],
    "delta_count_per_bin": [
      -7,
      -12,
      -12,
      11
    ]
  }
}